<school>
<student>
<student_name>Tom</student_name>
<student_id>123</student_id>
<marks_scored>500</marks_scored>
<grade>A</grade>
<student_name>Rom</student_name>
<student_id>133</student_id>
<marks_scored>400</marks_scored>
<grade>B</grade>
<student_name>Som</student_name>
<student_id>143</student_id>
<marks_scored>400</marks_scored>
<grade>B</grade>
<student_name>Yom</student_name>
<student_id>153</student_id>
<marks_scored>450</marks_scored>
<grade>B</grade>
</student>
</school>