<?xml version ="1.0" encoding="UTF-8"?>
<Account_Master>
   <Accounts>
      <account_no>1001</account_no>
	  <accountholder_name>Rajesh Sharma</accountholder_name>
	  <accountholder_address>Mumbai</accountholder_address>
   </Accounts>
<Accounts>
      <account_no>1002</account_no>
	  <accountholder_name>Aniket Vishwas</accountholder_name>
	  <accountholder_address>Delhi</accountholder_address>
   </Accounts>
<Accounts>
      <account_no>1001</account_no>
	  <accountholder_name>Abhishek Kumar</accountholder_name>
	  <accountholder_address>Pune</accountholder_address>
   </Accounts>
   <Accounts>
      <account_no>1004</account_no>
	  <accountholder_name>Shivani Shah</accountholder_name>
	  <accountholder_address>Gandhinagar</accountholder_address>
   </Accounts>
  <Accounts>
      <account_no>1005</account_no>
	  <accountholder_name>Anjali Mishra</accountholder_name>
	  <accountholder_address>Mumbai</accountholder_address>
   </Accounts>
</Account_Master>